{"dbindex": "21300", "AreaKey": -4802, "EquipmentKey": -16523, "MptKey": -16526, "DCSID": -16528, "AreaID": "632", "EquipmentID": "632-PP03", "MPTID": "MOH", "mes_datetime": "2012-11-12 02:05:27", "RPM": 0.0, "Overall": 0.02943461574614048, "LFValue": 0.0015209482568848726, "CorrectMeas": 1, "CalcOAValue": 0.04163179832115851, "Parameter": {"PK-PK WAVEFORM": 3.3889517784118652, "CREST FACTOR": 2.521284341812134, "SUBHARMONICS": 0.0015535660786554217, "1xTS": 0.005267668515443802, "2xTS": 0.014117582701146603, "3-8xTS": 0.00884183682501316, "9-25xTS": 0.0061448137275874615, "25-75xTS": 0.02286316268146038, "2xLINE FREQ": 0.002738393610343337, "1K-20kHz": 0.6791304349899292}, "Timewaveform": {"DeltaTime": 8.012820762814954e-05, "LinesResolution": 1024, "RPM": 3600.0, "MeasUnits": 3, "Value": "PdM_21300-16526_20121112020527_TWF.bin"}, "Spectrum": {"FMax": 4250.0, "LinesResolution": 1600, "RPM": 3600.0, "WindowType": 1, "MeasType": 4, "MeterType": 13, "Value": "PdM_21300-16526_20121112020527_SPC.bin"}}