{"dbindex": "21300", "AreaKey": -4802, "EquipmentKey": -16523, "MptKey": -16526, "DCSID": -16528, "AreaID": "632", "EquipmentID": "632-PP03", "MPTID": "MOH", "mes_datetime": "2012-07-30 02:37:51", "RPM": 0.0, "Overall": 0.031833045184612274, "LFValue": 0.0023905165098946197, "CorrectMeas": 1, "CalcOAValue": 0.04508074900686739, "Parameter": {"PK-PK WAVEFORM": 3.9581518173217773, "CREST FACTOR": 2.7724854946136475, "SUBHARMONICS": 0.0015066178748384118, "1xTS": 0.005685276817530394, "2xTS": 0.012629193253815174, "3-8xTS": 0.013463792391121387, "9-25xTS": 0.006057241000235081, "25-75xTS": 0.023705685511231422, "2xLINE FREQ": 0.009945155121386051, "1K-20kHz": 0.7269197702407837}, "Timewaveform": {"DeltaTime": 8.012820762814954e-05, "LinesResolution": 1024, "RPM": 3600.0, "MeasUnits": 3, "Value": "PdM_21300-16526_20120730023751_TWF.bin"}, "Spectrum": {"FMax": 4250.0, "LinesResolution": 1600, "RPM": 3600.0, "WindowType": 1, "MeasType": 4, "MeterType": 13, "Value": "PdM_21300-16526_20120730023751_SPC.bin"}}