{ "dbindex": "21300", "AreaKey": -4802, "EquipmentKey": -16523, "MptKey": -16526, "DCSID": -16528, "AreaID": "632", "EquipmentID": "632-PP03", "MPTID": "MOH", "mes_datetime": "2012-05-24 07:02:17", "RPM": 0.0, "Overall": 0.029501788318157196, "LFValue": 0.0024755170538189888, "CorrectMeas": 1, "CalcOAValue": 0.04180882426303725, "Parameter": { "PK-PK WAVEFORM": 4.468803882598877, "CREST FACTOR": 3.6011862754821777, "SUBHARMONICS": 0.0015224647941067815, "1xTS": 0.0064327227883040905, "2xTS": 0.013297529891133308, "3-8xTS": 0.0113708870485425, "9-25xTS": 0.005588085390627384, "25-75xTS": 0.022728459909558296, "2xLINE FREQ": 0.011189330369234085, "1K-20kHz": 0.7541865110397339 }, "Timewaveform": { "DeltaTime": 8.012820762814954e-05, "LinesResolution": 1024, "RPM": 3600.0, "MeasUnits": 3, "Value": "PdM_21300-16526_20120524070217_TWF.bin" }, "Spectrum": { "FMax": 4250.0, "LinesResolution": 1600, "RPM": 3600.0, "WindowType": 1, "MeasType": 4, "MeterType": 13, "Value": "PdM_21300-16526_20120524070217_SPC.bin" } }