{"dbindex": "21300", "AreaKey": -4802, "EquipmentKey": -16523, "MptKey": -16526, "DCSID": -16528, "AreaID": "632", "EquipmentID": "632-PP03", "MPTID": "MOH", "mes_datetime": "2015-09-03 05:06:15", "RPM": 0.0, "Overall": 0.02413805015385151, "LFValue": 0.002489030199974364, "CorrectMeas": 1, "CalcOAValue": 0.034223349268114225, "Parameter": {"PK-PK WAVEFORM": 2.9877922534942627, "CREST FACTOR": 2.727285385131836, "SUBHARMONICS": 0.0016386888455599546, "1xTS": 0.0023582931607961655, "2xTS": 0.009609172120690346, "3-8xTS": 0.009385475888848305, "9-25xTS": 0.0044995322823524475, "25-75xTS": 0.018620621412992477, "2xLINE FREQ": 0.009107900783419609, "1K-20kHz": 0.5541850924491882}, "Timewaveform": {"DeltaTime": 8.012820762814954e-05, "LinesResolution": 1024, "RPM": 3600.0, "MeasUnits": 3, "Value": "PdM_21300-16526_20150903050615_TWF.bin"}, "Spectrum": {"FMax": 4250.0, "LinesResolution": 1600, "RPM": 3600.0, "WindowType": 1, "MeasType": 4, "MeterType": 13, "Value": "PdM_21300-16526_20150903050615_SPC.bin"}}