{"dbindex": "21300", "AreaKey": -4802, "EquipmentKey": -16523, "MptKey": -16526, "DCSID": -16528, "AreaID": "632", "EquipmentID": "632-PP03", "MPTID": "MOH", "mes_datetime": "2019-12-17 05:27:18", "RPM": 0.0, "Overall": 0.02779552713036537, "LFValue": 0.005886159368090701, "CorrectMeas": 1, "CalcOAValue": 0.03961405377224462, "Parameter": {"PK-PK WAVEFORM": -1.0999999650920748e-20, "CREST FACTOR": -1.0999999650920748e-20, "SUBHARMONICS": 0.004254790488630533, "1xTS": 0.0030928764026612043, "2xTS": 0.0034994573798030615, "3-8xTS": 0.005976791027933359, "9-25xTS": 0.004211680497974157, "25-75xTS": 0.025515174493193626, "2xLINE FREQ": 0.002725898288190365, "1K-20kHz": 0.7351795434951782}, "Timewaveform": {"DeltaTime": 9.191176650347188e-05, "LinesResolution": 8192, "RPM": 3600.0, "MeasUnits": 5, "Value": "PdM_21300-16526_20191217052718_TWF.bin"}, "Spectrum": {"FMax": 4250.0, "LinesResolution": 3200, "RPM": 3600.0, "WindowType": 1, "MeasType": 4, "MeterType": 15, "Value": "PdM_21300-16526_20191217052718_SPC.bin"}}