{"dbindex": "21300", "AreaKey": -4802, "EquipmentKey": -16523, "MptKey": -16526, "DCSID": -16528, "AreaID": "632", "EquipmentID": "632-PP03", "MPTID": "MOH", "mes_datetime": "2017-05-08 05:33:48", "RPM": 0.0, "Overall": 0.036581166088581085, "LFValue": 0.0031884987332679794, "CorrectMeas": 1, "CalcOAValue": 0.05208640540774357, "Parameter": {"PK-PK WAVEFORM": 4.995154857635498, "CREST FACTOR": 2.889381170272827, "SUBHARMONICS": 0.001623127143830061, "1xTS": 0.0025970693677663803, "2xTS": 0.012716983444988728, "3-8xTS": 0.015173452906310558, "9-25xTS": 0.0062314593233168125, "25-75xTS": 0.02925841137766838, "2xLINE FREQ": 0.009389553219079971, "1K-20kHz": 0.8920862078666687}, "Timewaveform": {"DeltaTime": 8.012820762814954e-05, "LinesResolution": 1024, "RPM": 3600.0, "MeasUnits": 3, "Value": "PdM_21300-16526_20170508053348_TWF.bin"}, "Spectrum": {"FMax": 4250.0, "LinesResolution": 1600, "RPM": 3600.0, "WindowType": 1, "MeasType": 4, "MeterType": 15, "Value": "PdM_21300-16526_20170508053348_SPC.bin"}}