{"dbindex": "21300", "AreaKey": -4802, "EquipmentKey": -16523, "MptKey": -16526, "DCSID": -16528, "AreaID": "632", "EquipmentID": "632-PP03", "MPTID": "MOH", "mes_datetime": "2019-01-04 05:25:13", "RPM": 0.0, "Overall": 0.035501766949892044, "LFValue": 0.0023325751458599894, "CorrectMeas": 1, "CalcOAValue": 0.05201574570123107, "Parameter": {"PK-PK WAVEFORM": 3.535153388977051, "CREST FACTOR": 2.2676730155944824, "SUBHARMONICS": 0.0016240113181993365, "1xTS": 0.0014635189436376095, "2xTS": 0.00829356536269188, "3-8xTS": 0.022484151646494865, "9-25xTS": 0.007553659845143557, "25-75xTS": 0.02588818594813347, "2xLINE FREQ": 0.0073251319117844105, "1K-20kHz": 0.7674973011016846}, "Timewaveform": {"DeltaTime": 8.012820762814954e-05, "LinesResolution": 1024, "RPM": 3600.0, "MeasUnits": 3, "Value": "PdM_21300-16526_20190104052513_TWF.bin"}, "Spectrum": {"FMax": 4250.0, "LinesResolution": 1600, "RPM": 3600.0, "WindowType": 1, "MeasType": 4, "MeterType": 15, "Value": "PdM_21300-16526_20190104052513_SPC.bin"}}