{"dbindex": "21300", "AreaKey": -4802, "EquipmentKey": -16523, "MptKey": -16526, "DCSID": -16528, "AreaID": "632", "EquipmentID": "632-PP03", "MPTID": "MOH", "mes_datetime": "2013-08-13 05:32:53", "RPM": 0.0, "Overall": 0.026719817891716957, "LFValue": 0.0009014522413317473, "CorrectMeas": 1, "CalcOAValue": 0.03775171446644637, "Parameter": {"PK-PK WAVEFORM": 3.1276655197143555, "CREST FACTOR": 2.5979578495025635, "SUBHARMONICS": 0.0014024663250893354, "1xTS": 0.0087572131305933, "2xTS": 0.008472888730466366, "3-8xTS": 0.009162422269582748, "9-25xTS": 0.005536468233913183, "25-75xTS": 0.02041441760957241, "2xLINE FREQ": 0.007864098995923996, "1K-20kHz": 0.5950659513473511}, "Timewaveform": {"DeltaTime": 8.012820762814954e-05, "LinesResolution": 1024, "RPM": 3600.0, "MeasUnits": 3, "Value": "PdM_21300-16526_20130813053253_TWF.bin"}, "Spectrum": {"FMax": 4250.0, "LinesResolution": 1600, "RPM": 3600.0, "WindowType": 1, "MeasType": 4, "MeterType": 13, "Value": "PdM_21300-16526_20130813053253_SPC.bin"}}