{"dbindex": "21300", "AreaKey": -4802, "EquipmentKey": -16523, "MptKey": -16526, "DCSID": -16528, "AreaID": "632", "EquipmentID": "632-PP03", "MPTID": "MOH", "mes_datetime": "2016-11-29 07:07:36", "RPM": 0.0, "Overall": 0.027053242549300194, "LFValue": 0.003741893286667632, "CorrectMeas": 1, "CalcOAValue": 0.039124075033867105, "Parameter": {"PK-PK WAVEFORM": 3.2971253395080566, "CREST FACTOR": 2.57320237159729, "SUBHARMONICS": 0.0021165632642805576, "1xTS": 0.003921267576515675, "2xTS": 0.00931300688534975, "3-8xTS": 0.009831542149186134, "9-25xTS": 0.0075111351907253265, "25-75xTS": 0.02219962328672409, "2xLINE FREQ": 0.0089529724791646, "1K-20kHz": 0.6611652970314026}, "Timewaveform": {"DeltaTime": 8.012820762814954e-05, "LinesResolution": 1024, "RPM": 3600.0, "MeasUnits": 3, "Value": "PdM_21300-16526_20161129070736_TWF.bin"}, "Spectrum": {"FMax": 4250.0, "LinesResolution": 1600, "RPM": 3600.0, "WindowType": 1, "MeasType": 4, "MeterType": 15, "Value": "PdM_21300-16526_20161129070736_SPC.bin"}}