{"dbindex": "21300", "AreaKey": -4802, "EquipmentKey": -16523, "MptKey": -16526, "DCSID": -16528, "AreaID": "632", "EquipmentID": "632-PP03", "MPTID": "MOH", "mes_datetime": "2016-01-14 00:52:51", "RPM": 0.0, "Overall": 0.037153929471969604, "LFValue": 0.0038242961105882335, "CorrectMeas": 1, "CalcOAValue": 0.05273065573040044, "Parameter": {"PK-PK WAVEFORM": 4.33582067489624, "CREST FACTOR": 2.7214996814727783, "SUBHARMONICS": 0.0016710389172658324, "1xTS": 0.0022446690127253532, "2xTS": 0.012172333896160126, "3-8xTS": 0.016844367608428, "9-25xTS": 0.007955731824040413, "25-75xTS": 0.0285237617790699, "2xLINE FREQ": 0.00876056682318449, "1K-20kHz": 0.8456695079803467}, "Timewaveform": {"DeltaTime": 8.012820762814954e-05, "LinesResolution": 1024, "RPM": 3600.0, "MeasUnits": 3, "Value": "PdM_21300-16526_20160114005251_TWF.bin"}, "Spectrum": {"FMax": 4250.0, "LinesResolution": 1600, "RPM": 3600.0, "WindowType": 1, "MeasType": 4, "MeterType": 13, "Value": "PdM_21300-16526_20160114005251_SPC.bin"}}