{"dbindex": "21300", "AreaKey": -4802, "EquipmentKey": -16523, "MptKey": -16526, "DCSID": -16528, "AreaID": "632", "EquipmentID": "632-PP03", "MPTID": "MOH", "mes_datetime": "2014-09-16 06:32:25", "RPM": 0.0, "Overall": 0.03226173669099808, "LFValue": 0.0176799750658642, "CorrectMeas": 1, "CalcOAValue": 0.048934133030684154, "Parameter": {"PK-PK WAVEFORM": 3.327645778656006, "CREST FACTOR": 2.6067590713500977, "SUBHARMONICS": 0.009288584813475609, "1xTS": 0.005556796211749315, "2xTS": 0.016178805381059647, "3-8xTS": 0.01152844075113535, "9-25xTS": 0.005221230443567038, "25-75xTS": 0.022596629336476326, "2xLINE FREQ": 0.009124651551246643, "1K-20kHz": 0.6823188662528992}, "Timewaveform": {"DeltaTime": 8.012820762814954e-05, "LinesResolution": 1024, "RPM": 3600.0, "MeasUnits": 3, "Value": "PdM_21300-16526_20140916063225_TWF.bin"}, "Spectrum": {"FMax": 4250.0, "LinesResolution": 1600, "RPM": 3600.0, "WindowType": 1, "MeasType": 4, "MeterType": 13, "Value": "PdM_21300-16526_20140916063225_SPC.bin"}}