{"dbindex": "21300", "AreaKey": -4802, "EquipmentKey": -16523, "MptKey": -16526, "DCSID": -16528, "AreaID": "632", "EquipmentID": "632-PP03", "MPTID": "MOH", "mes_datetime": "2017-02-09 00:20:08", "RPM": 0.0, "Overall": 0.02880842052400112, "LFValue": 0.001748931814780499, "CorrectMeas": 1, "CalcOAValue": 0.040280546114791614, "Parameter": {"PK-PK WAVEFORM": 3.3770604133605957, "CREST FACTOR": 2.726485013961792, "SUBHARMONICS": 0.0017682657344266772, "1xTS": 0.002868439769372344, "2xTS": 0.011972627602517605, "3-8xTS": 0.012157897464931011, "9-25xTS": 0.006140185985714197, "25-75xTS": 0.02057386189699173, "2xLINE FREQ": 0.00794826541095972, "1K-20kHz": 0.655429482460022}, "Timewaveform": {"DeltaTime": 8.012820762814954e-05, "LinesResolution": 1024, "RPM": 3600.0, "MeasUnits": 3, "Value": "PdM_21300-16526_20170209002008_TWF.bin"}, "Spectrum": {"FMax": 4250.0, "LinesResolution": 1600, "RPM": 3600.0, "WindowType": 1, "MeasType": 4, "MeterType": 15, "Value": "PdM_21300-16526_20170209002008_SPC.bin"}}