{"dbindex": "21300", "AreaKey": -4802, "EquipmentKey": -16523, "MptKey": -16526, "DCSID": -16528, "AreaID": "632", "EquipmentID": "632-PP03", "MPTID": "MOH", "mes_datetime": "2014-08-19 04:24:55", "RPM": 0.0, "Overall": 0.03020450286567211, "LFValue": 0.006980426100077864, "CorrectMeas": 1, "CalcOAValue": 0.043294243515539246, "Parameter": {"PK-PK WAVEFORM": 3.6746292114257812, "CREST FACTOR": 2.9180526733398438, "SUBHARMONICS": 0.002330261282622814, "1xTS": 0.006197724957019091, "2xTS": 0.0160598736256361, "3-8xTS": 0.011269892565906048, "9-25xTS": 0.005083317868411541, "25-75xTS": 0.021524515002965927, "2xLINE FREQ": 0.008075911551713943, "1K-20kHz": 0.6596883535385132}, "Timewaveform": {"DeltaTime": 8.012820762814954e-05, "LinesResolution": 1024, "RPM": 3600.0, "MeasUnits": 3, "Value": "PdM_21300-16526_20140819042455_TWF.bin"}, "Spectrum": {"FMax": 4250.0, "LinesResolution": 1600, "RPM": 3600.0, "WindowType": 1, "MeasType": 4, "MeterType": 13, "Value": "PdM_21300-16526_20140819042455_SPC.bin"}}