{"dbindex": "21300", "AreaKey": -4802, "EquipmentKey": -16523, "MptKey": -16526, "DCSID": -16528, "AreaID": "632", "EquipmentID": "632-PP03", "MPTID": "MOH", "mes_datetime": "2016-08-30 04:27:06", "RPM": 0.0, "Overall": 0.030160652473568916, "LFValue": 0.0008435191617398734, "CorrectMeas": 1, "CalcOAValue": 0.042709696746649845, "Parameter": {"PK-PK WAVEFORM": 4.10275936126709, "CREST FACTOR": 2.8791086673736572, "SUBHARMONICS": 0.0011558482656255364, "1xTS": 0.0019652617629617453, "2xTS": 0.010169729590415955, "3-8xTS": 0.013276222161948681, "9-25xTS": 0.006251305807381868, "25-75xTS": 0.024161454290151596, "2xLINE FREQ": 0.0046926881186664104, "1K-20kHz": 0.7289236187934875}, "Timewaveform": {"DeltaTime": 8.012820762814954e-05, "LinesResolution": 1024, "RPM": 3600.0, "MeasUnits": 3, "Value": "PdM_21300-16526_20160830042706_TWF.bin"}, "Spectrum": {"FMax": 4250.0, "LinesResolution": 1600, "RPM": 3600.0, "WindowType": 1, "MeasType": 4, "MeterType": 13, "Value": "PdM_21300-16526_20160830042706_SPC.bin"}}