{"dbindex": "21300", "AreaKey": -4802, "EquipmentKey": -16523, "MptKey": -16526, "DCSID": -16528, "AreaID": "632", "EquipmentID": "632-PP03", "MPTID": "MOH", "mes_datetime": "2015-03-16 05:42:55", "RPM": 0.0, "Overall": 0.036721523851156235, "LFValue": 0.002317753780896167, "CorrectMeas": 1, "CalcOAValue": 0.05199286455312394, "Parameter": {"PK-PK WAVEFORM": 4.223417282104492, "CREST FACTOR": 2.754321813583374, "SUBHARMONICS": 0.0014454151969403028, "1xTS": 0.007397657725960016, "2xTS": 0.009872890077531338, "3-8xTS": 0.02014816738665104, "9-25xTS": 0.0068804058246314526, "25-75xTS": 0.026364019140601158, "2xLINE FREQ": 0.007663281634449959, "1K-20kHz": 0.8211004137992859}, "Timewaveform": {"DeltaTime": 8.012820762814954e-05, "LinesResolution": 1024, "RPM": 3600.0, "MeasUnits": 3, "Value": "PdM_21300-16526_20150316054255_TWF.bin"}, "Spectrum": {"FMax": 4250.0, "LinesResolution": 1600, "RPM": 3600.0, "WindowType": 1, "MeasType": 4, "MeterType": 13, "Value": "PdM_21300-16526_20150316054255_SPC.bin"}}