{"dbindex": "21300", "AreaKey": -4802, "EquipmentKey": -16523, "MptKey": -16526, "DCSID": -16528, "AreaID": "632", "EquipmentID": "632-PP03", "MPTID": "MOH", "mes_datetime": "2017-08-31 08:23:23", "RPM": 0.0, "Overall": 0.0349588543176651, "LFValue": 0.0019277451425167406, "CorrectMeas": 1, "CalcOAValue": 0.04956929174757164, "Parameter": {"PK-PK WAVEFORM": 4.507833003997803, "CREST FACTOR": 2.635673999786377, "SUBHARMONICS": 0.0011521169217303395, "1xTS": 0.0018354441272094846, "2xTS": 0.012740992940962315, "3-8xTS": 0.016177639365196228, "9-25xTS": 0.006446100305765867, "25-75xTS": 0.027589470148086548, "2xLINE FREQ": 0.008549997583031654, "1K-20kHz": 0.8173940777778625}, "Timewaveform": {"DeltaTime": 8.012820762814954e-05, "LinesResolution": 1024, "RPM": 3600.0, "MeasUnits": 3, "Value": "PdM_21300-16526_20170831082323_TWF.bin"}, "Spectrum": {"FMax": 4250.0, "LinesResolution": 1600, "RPM": 3600.0, "WindowType": 1, "MeasType": 4, "MeterType": 13, "Value": "PdM_21300-16526_20170831082323_SPC.bin"}}