{"dbindex": "21300", "AreaKey": -4802, "EquipmentKey": -16523, "MptKey": -16526, "DCSID": -16528, "AreaID": "632", "EquipmentID": "632-PP03", "MPTID": "MOH", "mes_datetime": "2012-12-20 06:08:34", "RPM": 0.0, "Overall": 0.036155201494693756, "LFValue": 0.0023297061543491155, "CorrectMeas": 1, "CalcOAValue": 0.051216461325481036, "Parameter": {"PK-PK WAVEFORM": 4.396441459655762, "CREST FACTOR": 2.6843574047088623, "SUBHARMONICS": 0.0011561049614101648, "1xTS": 0.010723852552473545, "2xTS": 0.012853672727942467, "3-8xTS": 0.00968635268509388, "9-25xTS": 0.00719168595969677, "25-75xTS": 0.02934257872402668, "2xLINE FREQ": 0.00876010861247778, "1K-20kHz": 0.8826345205307007}, "Timewaveform": {"DeltaTime": 8.012820762814954e-05, "LinesResolution": 1024, "RPM": 3600.0, "MeasUnits": 3, "Value": "PdM_21300-16526_20121220060834_TWF.bin"}, "Spectrum": {"FMax": 4250.0, "LinesResolution": 1600, "RPM": 3600.0, "WindowType": 1, "MeasType": 4, "MeterType": 13, "Value": "PdM_21300-16526_20121220060834_SPC.bin"}}