{"dbindex": "21300", "AreaKey": -4802, "EquipmentKey": -16523, "MptKey": -16526, "DCSID": -16528, "AreaID": "632", "EquipmentID": "632-PP03", "MPTID": "MOH", "mes_datetime": "2019-12-02 05:31:50", "RPM": 0.0, "Overall": 0.034546367824077606, "LFValue": 0.008300657117639366, "CorrectMeas": 1, "CalcOAValue": 0.04981486185897291, "Parameter": {"PK-PK WAVEFORM": -1.0999999650920748e-20, "CREST FACTOR": -1.0999999650920748e-20, "SUBHARMONICS": 0.0012439017882570624, "1xTS": 0.0008910316391848028, "2xTS": 0.005229461006820202, "3-8xTS": 0.013084041886031628, "9-25xTS": 0.002660153666511178, "25-75xTS": 0.03150349110364914, "2xLINE FREQ": 0.009935052134096622, "1K-20kHz": 0.8807436227798462}, "Timewaveform": {"DeltaTime": 0.00018601190822664648, "LinesResolution": 8192, "RPM": 1774.0, "MeasUnits": 5, "Value": "PdM_21300-16526_20191202053150_TWF.bin"}, "Spectrum": {"FMax": 2100.0, "LinesResolution": 3200, "RPM": 1774.0, "WindowType": 1, "MeasType": 4, "MeterType": 15, "Value": "PdM_21300-16526_20191202053150_SPC.bin"}}