{"dbindex": "21300", "AreaKey": -4802, "EquipmentKey": -16523, "MptKey": -16526, "DCSID": -16528, "AreaID": "632", "EquipmentID": "632-PP03", "MPTID": "MOH", "mes_datetime": "2017-07-03 07:35:41", "RPM": 0.0, "Overall": 0.038927458226680756, "LFValue": 0.0027244886332908817, "CorrectMeas": 1, "CalcOAValue": 0.05251434398186487, "Parameter": {"PK-PK WAVEFORM": 4.089624404907227, "CREST FACTOR": 2.511542558670044, "SUBHARMONICS": 0.001329637598246336, "1xTS": 0.0015835396479815245, "2xTS": 0.012181388214230537, "3-8xTS": 0.015363436192274094, "9-25xTS": 0.005955647211521864, "25-75xTS": 0.030365239828824997, "2xLINE FREQ": 0.0076883453875780106, "1K-20kHz": 0.8860472440719604}, "Timewaveform": {"DeltaTime": 8.012820762814954e-05, "LinesResolution": 1024, "RPM": 3600.0, "MeasUnits": 3, "Value": "PdM_21300-16526_20170703073541_TWF.bin"}, "Spectrum": {"FMax": 4250.0, "LinesResolution": 1600, "RPM": 3600.0, "WindowType": 1, "MeasType": 4, "MeterType": 15, "Value": "PdM_21300-16526_20170703073541_SPC.bin"}}