{"dbindex": "21300", "AreaKey": -4802, "EquipmentKey": -16523, "MptKey": -16526, "DCSID": -16528, "AreaID": "632", "EquipmentID": "632-PP03", "MPTID": "MOH", "mes_datetime": "2016-08-10 06:16:27", "RPM": 0.0, "Overall": 0.029527703300118446, "LFValue": 0.0013126100412356474, "CorrectMeas": 1, "CalcOAValue": 0.04185393262506441, "Parameter": {"PK-PK WAVEFORM": 3.9357991218566895, "CREST FACTOR": 2.716007709503174, "SUBHARMONICS": 0.001300082542002201, "1xTS": 0.0025138913188129663, "2xTS": 0.008940302766859531, "3-8xTS": 0.01134120300412178, "9-25xTS": 0.006200970150530338, "25-75xTS": 0.02418827824294567, "2xLINE FREQ": 0.00589185394346714, "1K-20kHz": 0.7388789057731628}, "Timewaveform": {"DeltaTime": 8.012820762814954e-05, "LinesResolution": 1024, "RPM": 3600.0, "MeasUnits": 3, "Value": "PdM_21300-16526_20160810061627_TWF.bin"}, "Spectrum": {"FMax": 4250.0, "LinesResolution": 1600, "RPM": 3600.0, "WindowType": 1, "MeasType": 4, "MeterType": 13, "Value": "PdM_21300-16526_20160810061627_SPC.bin"}}