{"dbindex": "21300", "AreaKey": -4802, "EquipmentKey": -16523, "MptKey": -16526, "DCSID": -16528, "AreaID": "632", "EquipmentID": "632-PP03", "MPTID": "MOH", "mes_datetime": "2014-10-21 01:19:37", "RPM": 0.0, "Overall": 0.029268942773342133, "LFValue": 0.008836421421104038, "CorrectMeas": 1, "CalcOAValue": 0.042375660789047295, "Parameter": {"PK-PK WAVEFORM": 3.719731092453003, "CREST FACTOR": 2.8872413635253906, "SUBHARMONICS": 0.0020718679297715425, "1xTS": 0.006124014966189861, "2xTS": 0.013720130547881126, "3-8xTS": 0.014633329585194588, "9-25xTS": 0.005749345291405916, "25-75xTS": 0.019906077533960342, "2xLINE FREQ": 0.0078113265335559845, "1K-20kHz": 0.7219606041908264}, "Timewaveform": {"DeltaTime": 8.012820762814954e-05, "LinesResolution": 1024, "RPM": 3600.0, "MeasUnits": 3, "Value": "PdM_21300-16526_20141021011937_TWF.bin"}, "Spectrum": {"FMax": 4250.0, "LinesResolution": 1600, "RPM": 3600.0, "WindowType": 1, "MeasType": 4, "MeterType": 13, "Value": "PdM_21300-16526_20141021011937_SPC.bin"}}