{"dbindex": "21300", "AreaKey": -4802, "EquipmentKey": -16523, "MptKey": -16526, "DCSID": -16528, "AreaID": "632", "EquipmentID": "632-PP03", "MPTID": "MOH", "mes_datetime": "2019-09-05 04:49:43", "RPM": 0.0, "Overall": 0.03474604710936546, "LFValue": 0.0020719123925464463, "CorrectMeas": 1, "CalcOAValue": 0.04715498108564394, "Parameter": {"PK-PK WAVEFORM": 3.9061129093170166, "CREST FACTOR": 2.4919774532318115, "SUBHARMONICS": 0.0013761683367192745, "1xTS": 0.001295576337724924, "2xTS": 0.008886078372597694, "3-8xTS": 0.014946321956813335, "9-25xTS": 0.006305230315774679, "25-75xTS": 0.028207559138536453, "2xLINE FREQ": 0.007885952480137348, "1K-20kHz": 0.8222988843917847}, "Timewaveform": {"DeltaTime": 8.012820762814954e-05, "LinesResolution": 1024, "RPM": 3600.0, "MeasUnits": 3, "Value": "PdM_21300-16526_20190905044943_TWF.bin"}, "Spectrum": {"FMax": 4250.0, "LinesResolution": 1600, "RPM": 3600.0, "WindowType": 1, "MeasType": 4, "MeterType": 15, "Value": "PdM_21300-16526_20190905044943_SPC.bin"}}