{"dbindex": "21300", "AreaKey": -4802, "EquipmentKey": -16523, "MptKey": -16526, "DCSID": -16528, "AreaID": "632", "EquipmentID": "632-PP03", "MPTID": "MOH", "mes_datetime": "2013-02-14 03:45:12", "RPM": 0.0, "Overall": 0.03438931331038475, "LFValue": 0.001592217559917718, "CorrectMeas": 1, "CalcOAValue": 0.04869362183102246, "Parameter": {"PK-PK WAVEFORM": 4.157476425170898, "CREST FACTOR": 2.5190789699554443, "SUBHARMONICS": 0.0012673696037381887, "1xTS": 0.008023672737181187, "2xTS": 0.009401127696037292, "3-8xTS": 0.013578537851572037, "9-25xTS": 0.007056256290525198, "25-75xTS": 0.026988254860043526, "2xLINE FREQ": 0.007813412696123123, "1K-20kHz": 0.8377051949501038}, "Timewaveform": {"DeltaTime": 8.012820762814954e-05, "LinesResolution": 1024, "RPM": 3600.0, "MeasUnits": 3, "Value": "PdM_21300-16526_20130214034512_TWF.bin"}, "Spectrum": {"FMax": 4250.0, "LinesResolution": 1600, "RPM": 3600.0, "WindowType": 1, "MeasType": 4, "MeterType": 13, "Value": "PdM_21300-16526_20130214034512_SPC.bin"}}