{"dbindex": "21300", "AreaKey": -4802, "EquipmentKey": -16523, "MptKey": -16526, "DCSID": -16528, "AreaID": "632", "EquipmentID": "632-PP03", "MPTID": "MOH", "mes_datetime": "2018-07-31 01:01:30", "RPM": 0.0, "Overall": 0.0333826020359993, "LFValue": 0.003115523849760882, "CorrectMeas": 1, "CalcOAValue": 0.04893146374533756, "Parameter": {"PK-PK WAVEFORM": 4.383186340332031, "CREST FACTOR": 2.556196689605713, "SUBHARMONICS": 0.0014535413356497884, "1xTS": 0.002088474575430155, "2xTS": 0.010105306282639503, "3-8xTS": 0.01492802519351244, "9-25xTS": 0.005956572946161032, "25-75xTS": 0.03018386848270893, "2xLINE FREQ": 0.009061595425009727, "1K-20kHz": 0.8885349631309509}, "Timewaveform": {"DeltaTime": 8.012820762814954e-05, "LinesResolution": 1024, "RPM": 3600.0, "MeasUnits": 3, "Value": "PdM_21300-16526_20180731010130_TWF.bin"}, "Spectrum": {"FMax": 4250.0, "LinesResolution": 1600, "RPM": 3600.0, "WindowType": 1, "MeasType": 4, "MeterType": 15, "Value": "PdM_21300-16526_20180731010130_SPC.bin"}}