{"dbindex": "21300", "AreaKey": -4802, "EquipmentKey": -16523, "MptKey": -16526, "DCSID": -16528, "AreaID": "632", "EquipmentID": "632-PP03", "MPTID": "MOH", "mes_datetime": "2016-12-06 04:59:00", "RPM": 0.0, "Overall": 0.028337538242340088, "LFValue": 0.00215642176848161, "CorrectMeas": 1, "CalcOAValue": 0.043252435137498185, "Parameter": {"PK-PK WAVEFORM": 3.986158847808838, "CREST FACTOR": 2.6833150386810303, "SUBHARMONICS": 0.002110061002895236, "1xTS": 0.0021597265731543303, "2xTS": 0.009056292474269867, "3-8xTS": 0.012570458464324474, "9-25xTS": 0.00730941304937005, "25-75xTS": 0.024995505809783936, "2xLINE FREQ": 0.006165290717035532, "1K-20kHz": 0.750461995601654}, "Timewaveform": {"DeltaTime": 8.012820762814954e-05, "LinesResolution": 1024, "RPM": 3600.0, "MeasUnits": 3, "Value": "PdM_21300-16526_20161206045900_TWF.bin"}, "Spectrum": {"FMax": 4250.0, "LinesResolution": 1600, "RPM": 3600.0, "WindowType": 1, "MeasType": 4, "MeterType": 15, "Value": "PdM_21300-16526_20161206045900_SPC.bin"}}