{"dbindex": "21300", "AreaKey": -4802, "EquipmentKey": -16523, "MptKey": -16526, "DCSID": -16528, "AreaID": "632", "EquipmentID": "632-PP03", "MPTID": "MOH", "mes_datetime": "2017-03-14 01:41:08", "RPM": 0.0, "Overall": 0.04003192484378815, "LFValue": 0.002572905311827712, "CorrectMeas": 1, "CalcOAValue": 0.056145211983104945, "Parameter": {"PK-PK WAVEFORM": 4.567283630371094, "CREST FACTOR": 2.23738956451416, "SUBHARMONICS": 0.0024415869265794754, "1xTS": 0.0013930621789768338, "2xTS": 0.008273995481431484, "3-8xTS": 0.006502751260995865, "9-25xTS": 0.009040974080562592, "25-75xTS": 0.036798372864723206, "2xLINE FREQ": 0.007819886319339275, "1K-20kHz": 1.0576624870300293}, "Timewaveform": {"DeltaTime": 8.012820762814954e-05, "LinesResolution": 1024, "RPM": 3600.0, "MeasUnits": 3, "Value": "PdM_21300-16526_20170314014108_TWF.bin"}, "Spectrum": {"FMax": 4250.0, "LinesResolution": 1600, "RPM": 3600.0, "WindowType": 1, "MeasType": 4, "MeterType": 15, "Value": "PdM_21300-16526_20170314014108_SPC.bin"}}