{"dbindex": "21300", "AreaKey": -4802, "EquipmentKey": -16523, "MptKey": -16526, "DCSID": -16528, "AreaID": "632", "EquipmentID": "632-PP03", "MPTID": "MOH", "mes_datetime": "2017-08-09 01:16:19", "RPM": 0.0, "Overall": 0.05052677169442177, "LFValue": 0.11394381432015387, "CorrectMeas": 2, "CalcOAValue": 0.13462596815238903, "Parameter": {"PK-PK WAVEFORM": 4.7718377113342285, "CREST FACTOR": 2.4034996032714844, "SUBHARMONICS": 0.0228155218064785, "1xTS": 0.0019326817709952593, "2xTS": 0.017234349623322487, "3-8xTS": 0.017308514565229416, "9-25xTS": 0.004075794946402311, "25-75xTS": 0.03479880094528198, "2xLINE FREQ": 0.012935091741383076, "1K-20kHz": 0.9986745715141296}, "Timewaveform": {"DeltaTime": 8.012820762814954e-05, "LinesResolution": 1024, "RPM": 3600.0, "MeasUnits": 3, "Value": "PdM_21300-16526_20170809011619_TWF.bin"}, "Spectrum": {"FMax": 4250.0, "LinesResolution": 1600, "RPM": 3600.0, "WindowType": 1, "MeasType": 4, "MeterType": 15, "Value": "PdM_21300-16526_20170809011619_SPC.bin"}}