{"dbindex": "21300", "AreaKey": -4802, "EquipmentKey": -16523, "MptKey": -16526, "DCSID": -16528, "AreaID": "632", "EquipmentID": "632-PP03", "MPTID": "MOH", "mes_datetime": "2013-05-02 02:06:35", "RPM": 0.0, "Overall": 0.03585921600461006, "LFValue": 0.0023161047948751677, "CorrectMeas": 1, "CalcOAValue": 0.05075296897978774, "Parameter": {"PK-PK WAVEFORM": 4.330305576324463, "CREST FACTOR": 2.587670087814331, "SUBHARMONICS": 0.0014455285854637623, "1xTS": 0.007462857756763697, "2xTS": 0.010304627008736134, "3-8xTS": 0.016136083751916885, "9-25xTS": 0.006863670889288187, "25-75xTS": 0.028078902512788773, "2xLINE FREQ": 0.008917964063584805, "1K-20kHz": 0.8431748151779175}, "Timewaveform": {"DeltaTime": 8.012820762814954e-05, "LinesResolution": 1024, "RPM": 3600.0, "MeasUnits": 3, "Value": "PdM_21300-16526_20130502020635_TWF.bin"}, "Spectrum": {"FMax": 4250.0, "LinesResolution": 1600, "RPM": 3600.0, "WindowType": 1, "MeasType": 4, "MeterType": 13, "Value": "PdM_21300-16526_20130502020635_SPC.bin"}}