{"dbindex": "21300", "AreaKey": -4802, "EquipmentKey": -16523, "MptKey": -16526, "DCSID": -16528, "AreaID": "632", "EquipmentID": "632-PP03", "MPTID": "MOH", "mes_datetime": "2013-11-12 02:47:50", "RPM": 0.0, "Overall": 0.028370574116706848, "LFValue": 0.03709334852525702, "CorrectMeas": 1, "CalcOAValue": 0.054635591578633, "Parameter": {"PK-PK WAVEFORM": 4.553780555725098, "CREST FACTOR": 3.1669747829437256, "SUBHARMONICS": 0.006105400621891022, "1xTS": 0.011457487009465694, "2xTS": 0.012557702139019966, "3-8xTS": 0.013554194010794163, "9-25xTS": 0.003992593847215176, "25-75xTS": 0.016866013407707214, "2xLINE FREQ": 0.008254092186689377, "1K-20kHz": 0.865757942199707}, "Timewaveform": {"DeltaTime": 8.012820762814954e-05, "LinesResolution": 1024, "RPM": 3600.0, "MeasUnits": 3, "Value": "PdM_21300-16526_20131112024750_TWF.bin"}, "Spectrum": {"FMax": 4250.0, "LinesResolution": 1600, "RPM": 3600.0, "WindowType": 1, "MeasType": 4, "MeterType": 13, "Value": "PdM_21300-16526_20131112024750_SPC.bin"}}