{"dbindex": "21300", "AreaKey": -4802, "EquipmentKey": -16523, "MptKey": -16526, "DCSID": -16528, "AreaID": "632", "EquipmentID": "632-PP03", "MPTID": "MOH", "mes_datetime": "2015-12-14 05:32:02", "RPM": 0.0, "Overall": 0.030000751838088036, "LFValue": 0.0070716344946216095, "CorrectMeas": 1, "CalcOAValue": 0.04300863405038447, "Parameter": {"PK-PK WAVEFORM": 3.6779844760894775, "CREST FACTOR": 2.650120496749878, "SUBHARMONICS": 0.002375346375629306, "1xTS": 0.001997687853872776, "2xTS": 0.008355927653610706, "3-8xTS": 0.015301932580769062, "9-25xTS": 0.006451948545873165, "25-75xTS": 0.023790733888745308, "2xLINE FREQ": 0.006593440193682909, "1K-20kHz": 0.7078125476837158}, "Timewaveform": {"DeltaTime": 8.012820762814954e-05, "LinesResolution": 1024, "RPM": 3600.0, "MeasUnits": 3, "Value": "PdM_21300-16526_20151214053202_TWF.bin"}, "Spectrum": {"FMax": 4250.0, "LinesResolution": 1600, "RPM": 3600.0, "WindowType": 1, "MeasType": 4, "MeterType": 13, "Value": "PdM_21300-16526_20151214053202_SPC.bin"}}