{"dbindex": "21300", "AreaKey": -4802, "EquipmentKey": -16523, "MptKey": -16526, "DCSID": -16528, "AreaID": "632", "EquipmentID": "632-PP03", "MPTID": "MOH", "mes_datetime": "2019-06-11 05:59:03", "RPM": 0.0, "Overall": 0.044747330248355865, "LFValue": 0.008596502111730145, "CorrectMeas": 1, "CalcOAValue": 0.06297329653324453, "Parameter": {"PK-PK WAVEFORM": 5.036410808563232, "CREST FACTOR": 2.199638605117798, "SUBHARMONICS": 0.004653639160096645, "1xTS": 0.0017611915245652199, "2xTS": 0.010536368004977703, "3-8xTS": 0.011982620693743229, "9-25xTS": 0.008183062076568604, "25-75xTS": 0.0384443998336792, "2xLINE FREQ": 0.009742745198309422, "1K-20kHz": 1.1084617376327515}, "Timewaveform": {"DeltaTime": 8.012820762814954e-05, "LinesResolution": 1024, "RPM": 3600.0, "MeasUnits": 3, "Value": "PdM_21300-16526_20190611055903_TWF.bin"}, "Spectrum": {"FMax": 4250.0, "LinesResolution": 1600, "RPM": 3600.0, "WindowType": 1, "MeasType": 4, "MeterType": 15, "Value": "PdM_21300-16526_20190611055903_SPC.bin"}}