{"dbindex": "21300", "AreaKey": -4802, "EquipmentKey": -16523, "MptKey": -16526, "DCSID": -16528, "AreaID": "632", "EquipmentID": "632-PP03", "MPTID": "MOH", "mes_datetime": "2018-11-27 01:51:02", "RPM": 0.0, "Overall": 0.03024679236114025, "LFValue": 0.009197826796169501, "CorrectMeas": 1, "CalcOAValue": 0.04502170449829716, "Parameter": {"PK-PK WAVEFORM": 3.3596553802490234, "CREST FACTOR": 2.296288251876831, "SUBHARMONICS": 0.0055548823438584805, "1xTS": 0.0027199534233659506, "2xTS": 0.010330159217119217, "3-8xTS": 0.009242002852261066, "9-25xTS": 0.005426274612545967, "25-75xTS": 0.02642156556248665, "2xLINE FREQ": 0.00928279384970665, "1K-20kHz": 0.7728046178817749}, "Timewaveform": {"DeltaTime": 8.012820762814954e-05, "LinesResolution": 1024, "RPM": 3600.0, "MeasUnits": 3, "Value": "PdM_21300-16526_20181127015102_TWF.bin"}, "Spectrum": {"FMax": 4250.0, "LinesResolution": 1600, "RPM": 3600.0, "WindowType": 1, "MeasType": 4, "MeterType": 15, "Value": "PdM_21300-16526_20181127015102_SPC.bin"}}