{"dbindex": "21300", "AreaKey": -4802, "EquipmentKey": -16523, "MptKey": -16526, "DCSID": -16528, "AreaID": "632", "EquipmentID": "632-PP03", "MPTID": "MOH", "mes_datetime": "2014-02-14 16:55:14", "RPM": 0.0, "Overall": 0.033528003841638565, "LFValue": 0.0015500638558138202, "CorrectMeas": 1, "CalcOAValue": 0.047477317330631486, "Parameter": {"PK-PK WAVEFORM": 4.703692436218262, "CREST FACTOR": 2.831418991088867, "SUBHARMONICS": 0.0011693452252075076, "1xTS": 0.0047318655997514725, "2xTS": 0.009523541666567326, "3-8xTS": 0.017449405044317245, "9-25xTS": 0.005599111784249544, "25-75xTS": 0.0261673666536808, "2xLINE FREQ": 0.007843836210668087, "1K-20kHz": 0.8906109929084778}, "Timewaveform": {"DeltaTime": 8.012820762814954e-05, "LinesResolution": 1024, "RPM": 3600.0, "MeasUnits": 3, "Value": "PdM_21300-16526_20140214165514_TWF.bin"}, "Spectrum": {"FMax": 4250.0, "LinesResolution": 1600, "RPM": 3600.0, "WindowType": 1, "MeasType": 4, "MeterType": 13, "Value": "PdM_21300-16526_20140214165514_SPC.bin"}}