{"dbindex": "21300", "AreaKey": -4802, "EquipmentKey": -16523, "MptKey": -16526, "DCSID": -16528, "AreaID": "632", "EquipmentID": "632-PP03", "MPTID": "MOH", "mes_datetime": "2013-11-19 06:01:47", "RPM": 0.0, "Overall": 0.027786223217844963, "LFValue": 0.0035657358732938374, "CorrectMeas": 1, "CalcOAValue": 0.039431181929430605, "Parameter": {"PK-PK WAVEFORM": 2.294981002807617, "CREST FACTOR": 3.127101182937622, "SUBHARMONICS": 0.0017792508006095886, "1xTS": 0.01085569616407156, "2xTS": 0.01852220669388771, "3-8xTS": 0.013051296584308147, "9-25xTS": 0.003767630085349083, "25-75xTS": 0.010782777331769466, "2xLINE FREQ": 0.016754532232880592, "1K-20kHz": 0.4072990119457245}, "Timewaveform": {"DeltaTime": 8.012820762814954e-05, "LinesResolution": 1024, "RPM": 3600.0, "MeasUnits": 3, "Value": "PdM_21300-16526_20131119060147_TWF.bin"}, "Spectrum": {"FMax": 4250.0, "LinesResolution": 1600, "RPM": 3600.0, "WindowType": 1, "MeasType": 4, "MeterType": 13, "Value": "PdM_21300-16526_20131119060147_SPC.bin"}}