{"dbindex": "21300", "AreaKey": -4802, "EquipmentKey": -16523, "MptKey": -16526, "DCSID": -16528, "AreaID": "632", "EquipmentID": "632-PP03", "MPTID": "MOH", "mes_datetime": "2019-05-28 02:03:18", "RPM": 0.0, "Overall": 0.03529373183846474, "LFValue": 0.0017793025764844088, "CorrectMeas": 1, "CalcOAValue": 0.048947611824771704, "Parameter": {"PK-PK WAVEFORM": 4.033682823181152, "CREST FACTOR": 2.4948034286499023, "SUBHARMONICS": 0.0015031109796836972, "1xTS": 0.00139270827639848, "2xTS": 0.014138331636786461, "3-8xTS": 0.010092255659401417, "9-25xTS": 0.008873192593455315, "25-75xTS": 0.028274131938815117, "2xLINE FREQ": 0.01316001359373331, "1K-20kHz": 0.8242774605751038}, "Timewaveform": {"DeltaTime": 8.012820762814954e-05, "LinesResolution": 1024, "RPM": 3600.0, "MeasUnits": 3, "Value": "PdM_21300-16526_20190528020318_TWF.bin"}, "Spectrum": {"FMax": 4250.0, "LinesResolution": 1600, "RPM": 3600.0, "WindowType": 1, "MeasType": 4, "MeterType": 15, "Value": "PdM_21300-16526_20190528020318_SPC.bin"}}