{"dbindex": "21300", "AreaKey": -4802, "EquipmentKey": -16523, "MptKey": -16526, "DCSID": -16528, "AreaID": "632", "EquipmentID": "632-PP03", "MPTID": "MOH", "mes_datetime": "2019-02-26 01:15:26", "RPM": 0.0, "Overall": 0.034211594611406326, "LFValue": 0.0027200074519237766, "CorrectMeas": 1, "CalcOAValue": 0.049696202938607846, "Parameter": {"PK-PK WAVEFORM": 3.99566650390625, "CREST FACTOR": 2.4591736793518066, "SUBHARMONICS": 0.0017388775013387203, "1xTS": 0.0020977018866688013, "2xTS": 0.006161665543913841, "3-8xTS": 0.015692541375756264, "9-25xTS": 0.007180759683251381, "25-75xTS": 0.0297569427639246, "2xLINE FREQ": 0.002992957830429077, "1K-20kHz": 0.869476318359375}, "Timewaveform": {"DeltaTime": 8.012820762814954e-05, "LinesResolution": 1024, "RPM": 3600.0, "MeasUnits": 3, "Value": "PdM_21300-16526_20190226011526_TWF.bin"}, "Spectrum": {"FMax": 4250.0, "LinesResolution": 1600, "RPM": 3600.0, "WindowType": 1, "MeasType": 4, "MeterType": 15, "Value": "PdM_21300-16526_20190226011526_SPC.bin"}}