{"dbindex": "21300", "AreaKey": -4802, "EquipmentKey": -16523, "MptKey": -16526, "DCSID": -16528, "AreaID": "632", "EquipmentID": "632-PP03", "MPTID": "MOH", "mes_datetime": "2015-11-26 05:20:05", "RPM": 0.0, "Overall": 0.02643231302499771, "LFValue": 0.004261267907698232, "CorrectMeas": 1, "CalcOAValue": 0.037580598682685186, "Parameter": {"PK-PK WAVEFORM": 3.100999593734741, "CREST FACTOR": 2.3197972774505615, "SUBHARMONICS": 0.002496500499546528, "1xTS": 0.0033290432766079903, "2xTS": 0.008328967727720737, "3-8xTS": 0.008023188449442387, "9-25xTS": 0.004660391714423895, "25-75xTS": 0.02313203737139702, "2xLINE FREQ": 0.007990766316652298, "1K-20kHz": 0.7143346667289734}, "Timewaveform": {"DeltaTime": 8.012820762814954e-05, "LinesResolution": 1024, "RPM": 3600.0, "MeasUnits": 3, "Value": "PdM_21300-16526_20151126052005_TWF.bin"}, "Spectrum": {"FMax": 4250.0, "LinesResolution": 1600, "RPM": 3600.0, "WindowType": 1, "MeasType": 4, "MeterType": 13, "Value": "PdM_21300-16526_20151126052005_SPC.bin"}}