{"dbindex": "21300", "AreaKey": -4802, "EquipmentKey": -16523, "MptKey": -16526, "DCSID": -16528, "AreaID": "632", "EquipmentID": "632-PP03", "MPTID": "MOH", "mes_datetime": "2016-02-17 04:36:57", "RPM": 0.0, "Overall": 0.047280121594667435, "LFValue": 0.009198261686674406, "CorrectMeas": 1, "CalcOAValue": 0.06742538151137949, "Parameter": {"PK-PK WAVEFORM": 4.8940653800964355, "CREST FACTOR": 2.2293124198913574, "SUBHARMONICS": 0.0032452079467475414, "1xTS": 0.0028786088805645704, "2xTS": 0.014251512475311756, "3-8xTS": 0.020201848819851875, "9-25xTS": 0.0052973609417676926, "25-75xTS": 0.03208308666944504, "2xLINE FREQ": 0.010185904800891876, "1K-20kHz": 0.9165847301483154}, "Timewaveform": {"DeltaTime": 8.012820762814954e-05, "LinesResolution": 1024, "RPM": 3600.0, "MeasUnits": 3, "Value": "PdM_21300-16526_20160217043657_TWF.bin"}, "Spectrum": {"FMax": 4250.0, "LinesResolution": 1600, "RPM": 3600.0, "WindowType": 1, "MeasType": 4, "MeterType": 13, "Value": "PdM_21300-16526_20160217043657_SPC.bin"}}