{"dbindex": "21300", "AreaKey": -4802, "EquipmentKey": -16523, "MptKey": -16526, "DCSID": -16528, "AreaID": "632", "EquipmentID": "632-PP03", "MPTID": "MOH", "mes_datetime": "2017-06-08 00:41:46", "RPM": 0.0, "Overall": 0.03721079230308533, "LFValue": 0.005063926366056189, "CorrectMeas": 1, "CalcOAValue": 0.05161342003587963, "Parameter": {"PK-PK WAVEFORM": 3.831409454345703, "CREST FACTOR": 2.4090683460235596, "SUBHARMONICS": 0.002819496439769864, "1xTS": 0.00207898928783834, "2xTS": 0.013686717487871647, "3-8xTS": 0.018161466345191002, "9-25xTS": 0.006252421531826258, "25-75xTS": 0.026943782344460487, "2xLINE FREQ": 0.009552358649671078, "1K-20kHz": 0.8046669363975525}, "Timewaveform": {"DeltaTime": 8.012820762814954e-05, "LinesResolution": 1024, "RPM": 3600.0, "MeasUnits": 3, "Value": "PdM_21300-16526_20170608004146_TWF.bin"}, "Spectrum": {"FMax": 4250.0, "LinesResolution": 1600, "RPM": 3600.0, "WindowType": 1, "MeasType": 4, "MeterType": 15, "Value": "PdM_21300-16526_20170608004146_SPC.bin"}}