{"dbindex": "21300", "AreaKey": -4802, "EquipmentKey": -16523, "MptKey": -16526, "DCSID": -16528, "AreaID": "632", "EquipmentID": "632-PP03", "MPTID": "MOH", "mes_datetime": "2016-06-08 05:48:25", "RPM": 0.0, "Overall": 0.03074362501502037, "LFValue": 0.01390477680541717, "CorrectMeas": 1, "CalcOAValue": 0.04564957010300339, "Parameter": {"PK-PK WAVEFORM": 3.8922059535980225, "CREST FACTOR": 2.5423645973205566, "SUBHARMONICS": 0.0028193339239805937, "1xTS": 0.0015760675305500627, "2xTS": 0.00964574795216322, "3-8xTS": 0.009052544832229614, "9-25xTS": 0.00676581310108304, "25-75xTS": 0.02622753567993641, "2xLINE FREQ": 0.009049213491380215, "1K-20kHz": 0.7631089091300964}, "Timewaveform": {"DeltaTime": 8.012820762814954e-05, "LinesResolution": 1024, "RPM": 3600.0, "MeasUnits": 3, "Value": "PdM_21300-16526_20160608054825_TWF.bin"}, "Spectrum": {"FMax": 4250.0, "LinesResolution": 1600, "RPM": 3600.0, "WindowType": 1, "MeasType": 4, "MeterType": 13, "Value": "PdM_21300-16526_20160608054825_SPC.bin"}}