{"dbindex": "21300", "AreaKey": -4802, "EquipmentKey": -16523, "MptKey": -16526, "DCSID": -16528, "AreaID": "632", "EquipmentID": "632-PP03", "MPTID": "MOH", "mes_datetime": "2017-05-29 00:40:09", "RPM": 0.0, "Overall": 0.04229075461626053, "LFValue": 0.0016413923077566242, "CorrectMeas": 1, "CalcOAValue": 0.0603409977669316, "Parameter": {"PK-PK WAVEFORM": 4.716092109680176, "CREST FACTOR": 2.393261432647705, "SUBHARMONICS": 0.0015267543494701385, "1xTS": 0.001303941709920764, "2xTS": 0.009054928086698055, "3-8xTS": 0.01843935251235962, "9-25xTS": 0.008012338541448116, "25-75xTS": 0.035527024418115616, "2xLINE FREQ": 0.007306450977921486, "1K-20kHz": 1.0276004076004028}, "Timewaveform": {"DeltaTime": 8.012820762814954e-05, "LinesResolution": 1024, "RPM": 3600.0, "MeasUnits": 3, "Value": "PdM_21300-16526_20170529004009_TWF.bin"}, "Spectrum": {"FMax": 4250.0, "LinesResolution": 1600, "RPM": 3600.0, "WindowType": 1, "MeasType": 4, "MeterType": 15, "Value": "PdM_21300-16526_20170529004009_SPC.bin"}}