{"dbindex": "21300", "AreaKey": -4802, "EquipmentKey": -16523, "MptKey": -16526, "DCSID": -16528, "AreaID": "632", "EquipmentID": "632-PP03", "MPTID": "MOH", "mes_datetime": "2017-04-04 05:59:46", "RPM": 0.0, "Overall": 0.04713330417871475, "LFValue": 0.002630643207349985, "CorrectMeas": 1, "CalcOAValue": 0.06659093512956793, "Parameter": {"PK-PK WAVEFORM": 5.322277545928955, "CREST FACTOR": 2.4213125705718994, "SUBHARMONICS": 0.0013277236139401793, "1xTS": 0.0024645470548421144, "2xTS": 0.012161148712038994, "3-8xTS": 0.01962444745004177, "9-25xTS": 0.009076308459043503, "25-75xTS": 0.03881854563951492, "2xLINE FREQ": 0.009303218685090542, "1K-20kHz": 1.123100996017456}, "Timewaveform": {"DeltaTime": 8.012820762814954e-05, "LinesResolution": 1024, "RPM": 3600.0, "MeasUnits": 3, "Value": "PdM_21300-16526_20170404055946_TWF.bin"}, "Spectrum": {"FMax": 4250.0, "LinesResolution": 1600, "RPM": 3600.0, "WindowType": 1, "MeasType": 4, "MeterType": 15, "Value": "PdM_21300-16526_20170404055946_SPC.bin"}}