{"dbindex": "21300", "AreaKey": -4802, "EquipmentKey": -16523, "MptKey": -16526, "DCSID": -16528, "AreaID": "632", "EquipmentID": "632-PP03", "MPTID": "MOH", "mes_datetime": "2014-04-29 04:53:38", "RPM": 0.0, "Overall": 0.027651352807879448, "LFValue": 0.008245663257067147, "CorrectMeas": 1, "CalcOAValue": 0.03998425149894949, "Parameter": {"PK-PK WAVEFORM": 3.3542323112487793, "CREST FACTOR": 2.811413049697876, "SUBHARMONICS": 0.0020029228180646896, "1xTS": 0.0074623567052185535, "2xTS": 0.01219902653247118, "3-8xTS": 0.00926092080771923, "9-25xTS": 0.005850199144333601, "25-75xTS": 0.02163628488779068, "2xLINE FREQ": 0.008410722017288208, "1K-20kHz": 0.6874461770057678}, "Timewaveform": {"DeltaTime": 8.012820762814954e-05, "LinesResolution": 1024, "RPM": 3600.0, "MeasUnits": 3, "Value": "PdM_21300-16526_20140429045338_TWF.bin"}, "Spectrum": {"FMax": 4250.0, "LinesResolution": 1600, "RPM": 3600.0, "WindowType": 1, "MeasType": 4, "MeterType": 13, "Value": "PdM_21300-16526_20140429045338_SPC.bin"}}