{"dbindex": "21300", "AreaKey": -4802, "EquipmentKey": -16523, "MptKey": -16526, "DCSID": -16528, "AreaID": "632", "EquipmentID": "632-PP03", "MPTID": "MOH", "mes_datetime": "2013-09-26 07:30:07", "RPM": 0.0, "Overall": 0.030274812132120132, "LFValue": 0.008996911727023809, "CorrectMeas": 1, "CalcOAValue": 0.043753407102671095, "Parameter": {"PK-PK WAVEFORM": 3.4570438861846924, "CREST FACTOR": 2.637768268585205, "SUBHARMONICS": 0.0022511708084493876, "1xTS": 0.0068324413150548935, "2xTS": 0.012453528121113777, "3-8xTS": 0.012712353840470314, "9-25xTS": 0.005307786166667938, "25-75xTS": 0.022774815559387207, "2xLINE FREQ": 0.00971798412501812, "1K-20kHz": 0.6969870924949646}, "Timewaveform": {"DeltaTime": 8.012820762814954e-05, "LinesResolution": 1024, "RPM": 3600.0, "MeasUnits": 3, "Value": "PdM_21300-16526_20130926073007_TWF.bin"}, "Spectrum": {"FMax": 4250.0, "LinesResolution": 1600, "RPM": 3600.0, "WindowType": 1, "MeasType": 4, "MeterType": 13, "Value": "PdM_21300-16526_20130926073007_SPC.bin"}}