{"dbindex": "21300", "AreaKey": -4802, "EquipmentKey": -16523, "MptKey": -16526, "DCSID": -16528, "AreaID": "632", "EquipmentID": "632-PP03", "MPTID": "MOH", "mes_datetime": "2019-11-05 06:09:34", "RPM": 0.0, "Overall": 0.03936142101883888, "LFValue": 0.007446561446777919, "CorrectMeas": 1, "CalcOAValue": 0.05605485573569566, "Parameter": {"PK-PK WAVEFORM": -1.0999999650920748e-20, "CREST FACTOR": -1.0999999650920748e-20, "SUBHARMONICS": 0.0010591120226308703, "1xTS": 0.0034592761658132076, "2xTS": 0.010226641781628132, "3-8xTS": 0.02250039018690586, "9-25xTS": 0.006178444717079401, "25-75xTS": 0.02933209016919136, "2xLINE FREQ": 0.008686210960149765, "1K-20kHz": 0.8718117475509644}, "Timewaveform": {"DeltaTime": 9.191176650347188e-05, "LinesResolution": 8192, "RPM": 3600.0, "MeasUnits": 5, "Value": "PdM_21300-16526_20191105060934_TWF.bin"}, "Spectrum": {"FMax": 4250.0, "LinesResolution": 3200, "RPM": 3600.0, "WindowType": 1, "MeasType": 4, "MeterType": 15, "Value": "PdM_21300-16526_20191105060934_SPC.bin"}}