{"dbindex": "21300", "AreaKey": -4802, "EquipmentKey": -16523, "MptKey": -16526, "DCSID": -16528, "AreaID": "632", "EquipmentID": "632-PP03", "MPTID": "MOH", "mes_datetime": "2014-03-25 01:34:17", "RPM": 0.0, "Overall": 0.0238826684653759, "LFValue": 0.006904860495695035, "CorrectMeas": 1, "CalcOAValue": 0.03447314245024676, "Parameter": {"PK-PK WAVEFORM": 2.1986098289489746, "CREST FACTOR": 2.7605321407318115, "SUBHARMONICS": 0.002178833121433854, "1xTS": 0.008839743211865425, "2xTS": 0.012825398705899715, "3-8xTS": 0.01133483462035656, "9-25xTS": 0.00499802315607667, "25-75xTS": 0.012075304985046387, "2xLINE FREQ": 0.007600070908665657, "1K-20kHz": 0.41258248686790466}, "Timewaveform": {"DeltaTime": 8.012820762814954e-05, "LinesResolution": 1024, "RPM": 3600.0, "MeasUnits": 3, "Value": "PdM_21300-16526_20140325013417_TWF.bin"}, "Spectrum": {"FMax": 4250.0, "LinesResolution": 1600, "RPM": 3600.0, "WindowType": 1, "MeasType": 4, "MeterType": 13, "Value": "PdM_21300-16526_20140325013417_SPC.bin"}}