{"dbindex": "21300", "AreaKey": -4802, "EquipmentKey": -16523, "MptKey": -16526, "DCSID": -16528, "AreaID": "632", "EquipmentID": "632-PP03", "MPTID": "MOH", "mes_datetime": "2013-05-30 04:42:38", "RPM": 0.0, "Overall": 0.03583037480711937, "LFValue": 0.000977771593325746, "CorrectMeas": 1, "CalcOAValue": 0.05067905311212543, "Parameter": {"PK-PK WAVEFORM": 4.014139652252197, "CREST FACTOR": 2.531724691390991, "SUBHARMONICS": 0.001323400647379458, "1xTS": 0.009332213550806046, "2xTS": 0.007829169742763042, "3-8xTS": 0.017178399488329887, "9-25xTS": 0.00626223674044013, "25-75xTS": 0.029015855863690376, "2xLINE FREQ": 0.006828843150287867, "1K-20kHz": 0.8680641651153564}, "Timewaveform": {"DeltaTime": 8.012820762814954e-05, "LinesResolution": 1024, "RPM": 3600.0, "MeasUnits": 3, "Value": "PdM_21300-16526_20130530044238_TWF.bin"}, "Spectrum": {"FMax": 4250.0, "LinesResolution": 1600, "RPM": 3600.0, "WindowType": 1, "MeasType": 4, "MeterType": 13, "Value": "PdM_21300-16526_20130530044238_SPC.bin"}}