{"dbindex": "21300", "AreaKey": -4802, "EquipmentKey": -16523, "MptKey": -16526, "DCSID": -16528, "AreaID": "632", "EquipmentID": "632-PP03", "MPTID": "MOH", "mes_datetime": "2017-02-28 00:53:25", "RPM": 0.0, "Overall": 0.040616072714328766, "LFValue": 0.003599525184804622, "CorrectMeas": 1, "CalcOAValue": 0.05467888493256521, "Parameter": {"PK-PK WAVEFORM": 3.8890764713287354, "CREST FACTOR": 2.282597064971924, "SUBHARMONICS": 0.0021177278831601143, "1xTS": 0.0016724532470107079, "2xTS": 0.009037543088197708, "3-8xTS": 0.022206716239452362, "9-25xTS": 0.0075392876751720905, "25-75xTS": 0.028363961726427078, "2xLINE FREQ": 0.0073198601603507996, "1K-20kHz": 0.843027651309967}, "Timewaveform": {"DeltaTime": 8.012820762814954e-05, "LinesResolution": 1024, "RPM": 3600.0, "MeasUnits": 3, "Value": "PdM_21300-16526_20170228005325_TWF.bin"}, "Spectrum": {"FMax": 4250.0, "LinesResolution": 1600, "RPM": 3600.0, "WindowType": 1, "MeasType": 4, "MeterType": 15, "Value": "PdM_21300-16526_20170228005325_SPC.bin"}}