{"dbindex": "21300", "AreaKey": -4802, "EquipmentKey": -16523, "MptKey": -16526, "DCSID": -16528, "AreaID": "632", "EquipmentID": "632-PP03", "MPTID": "MOH", "mes_datetime": "2013-08-28 06:38:08", "RPM": 0.0, "Overall": 0.029509803280234337, "LFValue": 0.0023127042812874747, "CorrectMeas": 1, "CalcOAValue": 0.04180631844572063, "Parameter": {"PK-PK WAVEFORM": 3.6096584796905518, "CREST FACTOR": 3.0103890895843506, "SUBHARMONICS": 0.0013215735089033842, "1xTS": 0.007707633078098297, "2xTS": 0.011061089113354683, "3-8xTS": 0.013990332372486591, "9-25xTS": 0.005159104708582163, "25-75xTS": 0.021506566554307938, "2xLINE FREQ": 0.009105474688112736, "1K-20kHz": 0.6873170733451843}, "Timewaveform": {"DeltaTime": 8.012820762814954e-05, "LinesResolution": 1024, "RPM": 3600.0, "MeasUnits": 3, "Value": "PdM_21300-16526_20130828063808_TWF.bin"}, "Spectrum": {"FMax": 4250.0, "LinesResolution": 1600, "RPM": 3600.0, "WindowType": 1, "MeasType": 4, "MeterType": 13, "Value": "PdM_21300-16526_20130828063808_SPC.bin"}}