{"dbindex": "21300", "AreaKey": -4802, "EquipmentKey": -16523, "MptKey": -16526, "DCSID": -16528, "AreaID": "632", "EquipmentID": "632-PP03", "MPTID": "MOH", "mes_datetime": "2018-08-20 04:35:59", "RPM": 0.0, "Overall": 0.03606666997075081, "LFValue": 0.003431981911054059, "CorrectMeas": 1, "CalcOAValue": 0.05213149104808613, "Parameter": {"PK-PK WAVEFORM": 4.182437896728516, "CREST FACTOR": 2.55403995513916, "SUBHARMONICS": 0.0014984301524236798, "1xTS": 0.0016336840344592929, "2xTS": 0.01282086968421936, "3-8xTS": 0.01799338310956955, "9-25xTS": 0.0058131143450737, "25-75xTS": 0.029290542006492615, "2xLINE FREQ": 0.011659227311611176, "1K-20kHz": 0.8612396717071533}, "Timewaveform": {"DeltaTime": 8.012820762814954e-05, "LinesResolution": 1024, "RPM": 3600.0, "MeasUnits": 3, "Value": "PdM_21300-16526_20180820043559_TWF.bin"}, "Spectrum": {"FMax": 4250.0, "LinesResolution": 1600, "RPM": 3600.0, "WindowType": 1, "MeasType": 4, "MeterType": 15, "Value": "PdM_21300-16526_20180820043559_SPC.bin"}}