{"dbindex": "21300", "AreaKey": -4802, "EquipmentKey": -16523, "MptKey": -16526, "DCSID": -16528, "AreaID": "632", "EquipmentID": "632-PP03", "MPTID": "MOH", "mes_datetime": "2019-06-27 01:22:46", "RPM": 0.0, "Overall": 0.0472244918346405, "LFValue": 0.006280869454661754, "CorrectMeas": 1, "CalcOAValue": 0.06878845291612899, "Parameter": {"PK-PK WAVEFORM": 5.831017017364502, "CREST FACTOR": 2.363872528076172, "SUBHARMONICS": 0.0035065021365880966, "1xTS": 0.001613245578482747, "2xTS": 0.011797349900007248, "3-8xTS": 0.010754815302789211, "9-25xTS": 0.008976612240076065, "25-75xTS": 0.042031921446323395, "2xLINE FREQ": 0.010666165500879288, "1K-20kHz": 1.20562744140625}, "Timewaveform": {"DeltaTime": 8.012820762814954e-05, "LinesResolution": 1024, "RPM": 3600.0, "MeasUnits": 3, "Value": "PdM_21300-16526_20190627012246_TWF.bin"}, "Spectrum": {"FMax": 4250.0, "LinesResolution": 1600, "RPM": 3600.0, "WindowType": 1, "MeasType": 4, "MeterType": 15, "Value": "PdM_21300-16526_20190627012246_SPC.bin"}}