{"dbindex": "21300", "AreaKey": -4802, "EquipmentKey": -16523, "MptKey": -16526, "DCSID": -16528, "AreaID": "632", "EquipmentID": "632-PP03", "MPTID": "MOH", "mes_datetime": "2013-05-15 01:52:16", "RPM": 0.0, "Overall": 0.03148017078638077, "LFValue": 0.0009874630884013139, "CorrectMeas": 1, "CalcOAValue": 0.044554138345442494, "Parameter": {"PK-PK WAVEFORM": 3.6710028648376465, "CREST FACTOR": 2.6937050819396973, "SUBHARMONICS": 0.0012836118694394827, "1xTS": 0.009537342935800552, "2xTS": 0.007424717769026756, "3-8xTS": 0.01814749650657177, "9-25xTS": 0.005385890603065491, "25-75xTS": 0.022234588861465454, "2xLINE FREQ": 0.0056544942781329155, "1K-20kHz": 0.7038328051567078}, "Timewaveform": {"DeltaTime": 8.012820762814954e-05, "LinesResolution": 1024, "RPM": 3600.0, "MeasUnits": 3, "Value": "PdM_21300-16526_20130515015216_TWF.bin"}, "Spectrum": {"FMax": 4250.0, "LinesResolution": 1600, "RPM": 3600.0, "WindowType": 1, "MeasType": 4, "MeterType": 13, "Value": "PdM_21300-16526_20130515015216_SPC.bin"}}