{"dbindex": "21300", "AreaKey": -4802, "EquipmentKey": -16523, "MptKey": -16526, "DCSID": -16528, "AreaID": "632", "EquipmentID": "632-PP03", "MPTID": "MOH", "mes_datetime": "2017-01-12 07:45:07", "RPM": 0.0, "Overall": 0.03291019797325134, "LFValue": 0.003814590843733695, "CorrectMeas": 1, "CalcOAValue": 0.04665640744934018, "Parameter": {"PK-PK WAVEFORM": 4.069289207458496, "CREST FACTOR": 2.344432830810547, "SUBHARMONICS": 0.0020186600740998983, "1xTS": 0.0018745686393231153, "2xTS": 0.010443544946610928, "3-8xTS": 0.012484341859817505, "9-25xTS": 0.006868845783174038, "25-75xTS": 0.026669973507523537, "2xLINE FREQ": 0.01013471744954586, "1K-20kHz": 0.7760869860649109}, "Timewaveform": {"DeltaTime": 8.012820762814954e-05, "LinesResolution": 1024, "RPM": 3600.0, "MeasUnits": 3, "Value": "PdM_21300-16526_20170112074507_TWF.bin"}, "Spectrum": {"FMax": 4250.0, "LinesResolution": 1600, "RPM": 3600.0, "WindowType": 1, "MeasType": 4, "MeterType": 13, "Value": "PdM_21300-16526_20170112074507_SPC.bin"}}