{"dbindex": "21300", "AreaKey": -4802, "EquipmentKey": -16523, "MptKey": -16526, "DCSID": -16528, "AreaID": "632", "EquipmentID": "632-PP03", "MPTID": "MOH", "mes_datetime": "2019-08-05 01:00:17", "RPM": 0.0, "Overall": 0.024073215201497078, "LFValue": 0.004092760719820129, "CorrectMeas": 1, "CalcOAValue": 0.034301159356576676, "Parameter": {"PK-PK WAVEFORM": 3.1008331775665283, "CREST FACTOR": 2.669517993927002, "SUBHARMONICS": 0.001977467443794012, "1xTS": 0.002261463785544038, "2xTS": 0.008882229216396809, "3-8xTS": 0.00962735153734684, "9-25xTS": 0.005867111496627331, "25-75xTS": 0.019406909123063087, "2xLINE FREQ": 0.008484508842229843, "1K-20kHz": 0.5976219773292542}, "Timewaveform": {"DeltaTime": 8.012820762814954e-05, "LinesResolution": 1024, "RPM": 3600.0, "MeasUnits": 3, "Value": "PdM_21300-16526_20190805010017_TWF.bin"}, "Spectrum": {"FMax": 4250.0, "LinesResolution": 1600, "RPM": 3600.0, "WindowType": 1, "MeasType": 4, "MeterType": 15, "Value": "PdM_21300-16526_20190805010017_SPC.bin"}}