{"dbindex": "21300", "AreaKey": -4802, "EquipmentKey": -16523, "MptKey": -16526, "DCSID": -16528, "AreaID": "632", "EquipmentID": "632-PP03", "MPTID": "MOH", "mes_datetime": "2016-02-23 00:35:47", "RPM": 0.0, "Overall": 0.03260768949985504, "LFValue": 0.0015123613123445329, "CorrectMeas": 1, "CalcOAValue": 0.0461688507159457, "Parameter": {"PK-PK WAVEFORM": 4.115716457366943, "CREST FACTOR": 2.6689529418945312, "SUBHARMONICS": 0.0014966231537982821, "1xTS": 0.0023583730217069387, "2xTS": 0.008444459177553654, "3-8xTS": 0.017562123015522957, "9-25xTS": 0.00677725812420249, "25-75xTS": 0.02465534210205078, "2xLINE FREQ": 0.006309500429779291, "1K-20kHz": 0.7973015308380127}, "Timewaveform": {"DeltaTime": 8.012820762814954e-05, "LinesResolution": 1024, "RPM": 3600.0, "MeasUnits": 3, "Value": "PdM_21300-16526_20160223003547_TWF.bin"}, "Spectrum": {"FMax": 4250.0, "LinesResolution": 1600, "RPM": 3600.0, "WindowType": 1, "MeasType": 4, "MeterType": 13, "Value": "PdM_21300-16526_20160223003547_SPC.bin"}}