{"dbindex": "21300", "AreaKey": -4802, "EquipmentKey": -16523, "MptKey": -16526, "DCSID": -16528, "AreaID": "632", "EquipmentID": "632-PP03", "MPTID": "MOH", "mes_datetime": "2014-08-04 05:35:09", "RPM": 0.0, "Overall": 0.02799811214208603, "LFValue": 0.0016087762967752493, "CorrectMeas": 1, "CalcOAValue": 0.03967535548796938, "Parameter": {"PK-PK WAVEFORM": 4.007566928863525, "CREST FACTOR": 3.0081586837768555, "SUBHARMONICS": 0.001177515834569931, "1xTS": 0.005895066540688276, "2xTS": 0.010301081463694572, "3-8xTS": 0.01126407366245985, "9-25xTS": 0.006802145857363939, "25-75xTS": 0.021186552941799164, "2xLINE FREQ": 0.008395612239837646, "1K-20kHz": 0.6605544686317444}, "Timewaveform": {"DeltaTime": 8.012820762814954e-05, "LinesResolution": 1024, "RPM": 3600.0, "MeasUnits": 3, "Value": "PdM_21300-16526_20140804053509_TWF.bin"}, "Spectrum": {"FMax": 4250.0, "LinesResolution": 1600, "RPM": 3600.0, "WindowType": 1, "MeasType": 4, "MeterType": 13, "Value": "PdM_21300-16526_20140804053509_SPC.bin"}}