{"dbindex": "21300", "AreaKey": -4802, "EquipmentKey": -16523, "MptKey": -16526, "DCSID": -16528, "AreaID": "632", "EquipmentID": "632-PP03", "MPTID": "MOH", "mes_datetime": "2012-07-02 01:32:24", "RPM": 0.0, "Overall": 0.028064269572496414, "LFValue": 0.0013736114159899606, "CorrectMeas": 1, "CalcOAValue": 0.03974405388830365, "Parameter": {"PK-PK WAVEFORM": 3.122972011566162, "CREST FACTOR": 2.5095317363739014, "SUBHARMONICS": 0.001365899108350277, "1xTS": 0.006873854901641607, "2xTS": 0.011815028265118599, "3-8xTS": 0.009777996689081192, "9-25xTS": 0.006014194805175066, "25-75xTS": 0.021411072462797165, "2xLINE FREQ": 0.00975137110799551, "1K-20kHz": 0.661383330821991}, "Timewaveform": {"DeltaTime": 8.012820762814954e-05, "LinesResolution": 1024, "RPM": 3600.0, "MeasUnits": 3, "Value": "PdM_21300-16526_20120702013224_TWF.bin"}, "Spectrum": {"FMax": 4250.0, "LinesResolution": 1600, "RPM": 3600.0, "WindowType": 1, "MeasType": 4, "MeterType": 13, "Value": "PdM_21300-16526_20120702013224_SPC.bin"}}