{"dbindex": "21300", "AreaKey": -4802, "EquipmentKey": -16523, "MptKey": -16526, "DCSID": -16528, "AreaID": "632", "EquipmentID": "632-PP03", "MPTID": "MOH", "mes_datetime": "2014-11-05 02:08:44", "RPM": 0.0, "Overall": 0.029148705303668976, "LFValue": 0.003491317662389249, "CorrectMeas": 1, "CalcOAValue": 0.041351328900610704, "Parameter": {"PK-PK WAVEFORM": 3.1341447830200195, "CREST FACTOR": 2.72068190574646, "SUBHARMONICS": 0.0015074647963047028, "1xTS": 0.005749319680035114, "2xTS": 0.015553132630884647, "3-8xTS": 0.014078057371079922, "9-25xTS": 0.005527878180146217, "25-75xTS": 0.017882587388157845, "2xLINE FREQ": 0.008846602402627468, "1K-20kHz": 0.6217381358146667}, "Timewaveform": {"DeltaTime": 8.012820762814954e-05, "LinesResolution": 1024, "RPM": 3600.0, "MeasUnits": 3, "Value": "PdM_21300-16526_20141105020844_TWF.bin"}, "Spectrum": {"FMax": 4250.0, "LinesResolution": 1600, "RPM": 3600.0, "WindowType": 1, "MeasType": 4, "MeterType": 13, "Value": "PdM_21300-16526_20141105020844_SPC.bin"}}