{"dbindex": "21300", "AreaKey": -4802, "EquipmentKey": -16523, "MptKey": -16526, "DCSID": -16528, "AreaID": "632", "EquipmentID": "632-PP03", "MPTID": "MOH", "mes_datetime": "2014-02-18 06:01:43", "RPM": 0.0, "Overall": 0.02643701806664467, "LFValue": 0.0025220968690034345, "CorrectMeas": 1, "CalcOAValue": 0.03750805912865446, "Parameter": {"PK-PK WAVEFORM": 3.389479875564575, "CREST FACTOR": 2.756016731262207, "SUBHARMONICS": 0.0013117959024384618, "1xTS": 0.004881089087575674, "2xTS": 0.012036846950650215, "3-8xTS": 0.008818448521196842, "9-25xTS": 0.005190692376345396, "25-75xTS": 0.019881531596183777, "2xLINE FREQ": 0.007824971340596676, "1K-20kHz": 0.6359550952911377}, "Timewaveform": {"DeltaTime": 8.012820762814954e-05, "LinesResolution": 1024, "RPM": 3600.0, "MeasUnits": 3, "Value": "PdM_21300-16526_20140218060143_TWF.bin"}, "Spectrum": {"FMax": 4250.0, "LinesResolution": 1600, "RPM": 3600.0, "WindowType": 1, "MeasType": 4, "MeterType": 13, "Value": "PdM_21300-16526_20140218060143_SPC.bin"}}