{"dbindex": "21300", "AreaKey": -4802, "EquipmentKey": -16523, "MptKey": -16526, "DCSID": -16528, "AreaID": "632", "EquipmentID": "632-PP03", "MPTID": "MOH", "mes_datetime": "2015-02-02 12:44:07", "RPM": 0.0, "Overall": 0.03367617726325989, "LFValue": 0.002795879750114127, "CorrectMeas": 1, "CalcOAValue": 0.04771622729405539, "Parameter": {"PK-PK WAVEFORM": 4.430403709411621, "CREST FACTOR": 2.5219943523406982, "SUBHARMONICS": 0.001679416629485786, "1xTS": 0.004432245157659054, "2xTS": 0.008496682159602642, "3-8xTS": 0.007097579538822174, "9-25xTS": 0.005896665621548891, "25-75xTS": 0.03002658113837242, "2xLINE FREQ": 0.008035015314817429, "1K-20kHz": 0.9172910451889038}, "Timewaveform": {"DeltaTime": 8.012820762814954e-05, "LinesResolution": 1024, "RPM": 3600.0, "MeasUnits": 3, "Value": "PdM_21300-16526_20150202124407_TWF.bin"}, "Spectrum": {"FMax": 4250.0, "LinesResolution": 1600, "RPM": 3600.0, "WindowType": 1, "MeasType": 4, "MeterType": 13, "Value": "PdM_21300-16526_20150202124407_SPC.bin"}}