{"dbindex": "21300", "AreaKey": -4802, "EquipmentKey": -16523, "MptKey": -16526, "DCSID": -16528, "AreaID": "632", "EquipmentID": "632-PP03", "MPTID": "MOH", "mes_datetime": "2015-05-14 01:01:07", "RPM": 0.0, "Overall": 0.03293947875499725, "LFValue": 0.003655246010995006, "CorrectMeas": 1, "CalcOAValue": 0.04674993866323451, "Parameter": {"PK-PK WAVEFORM": 4.050755023956299, "CREST FACTOR": 2.650803565979004, "SUBHARMONICS": 0.0015956982970237732, "1xTS": 0.007149446755647659, "2xTS": 0.010825781151652336, "3-8xTS": 0.014520116150379181, "9-25xTS": 0.00576580548658967, "25-75xTS": 0.02702268399298191, "2xLINE FREQ": 0.007935594767332077, "1K-20kHz": 0.818952202796936}, "Timewaveform": {"DeltaTime": 8.012820762814954e-05, "LinesResolution": 1024, "RPM": 3600.0, "MeasUnits": 3, "Value": "PdM_21300-16526_20150514010107_TWF.bin"}, "Spectrum": {"FMax": 4250.0, "LinesResolution": 1600, "RPM": 3600.0, "WindowType": 1, "MeasType": 4, "MeterType": 13, "Value": "PdM_21300-16526_20150514010107_SPC.bin"}}