{"dbindex": "21300", "AreaKey": -4802, "EquipmentKey": -16523, "MptKey": -16526, "DCSID": -16528, "AreaID": "632", "EquipmentID": "632-PP03", "MPTID": "MOH", "mes_datetime": "2019-02-28 04:30:24", "RPM": 0.0, "Overall": 0.030161617323756218, "LFValue": 0.001289105183223588, "CorrectMeas": 1, "CalcOAValue": 0.04340754389311004, "Parameter": {"PK-PK WAVEFORM": 3.478522777557373, "CREST FACTOR": 2.2290422916412354, "SUBHARMONICS": 0.00156690354924649, "1xTS": 0.0018237815238535404, "2xTS": 0.009138804860413074, "3-8xTS": 0.009947984479367733, "9-25xTS": 0.007107130717486143, "25-75xTS": 0.027547217905521393, "2xLINE FREQ": 0.00826583243906498, "1K-20kHz": 0.8082989454269409}, "Timewaveform": {"DeltaTime": 8.012820762814954e-05, "LinesResolution": 1024, "RPM": 3600.0, "MeasUnits": 3, "Value": "PdM_21300-16526_20190228043024_TWF.bin"}, "Spectrum": {"FMax": 4250.0, "LinesResolution": 1600, "RPM": 3600.0, "WindowType": 1, "MeasType": 4, "MeterType": 15, "Value": "PdM_21300-16526_20190228043024_SPC.bin"}}