{"dbindex": "21300", "AreaKey": -4802, "EquipmentKey": -16523, "MptKey": -16526, "DCSID": -16528, "AreaID": "632", "EquipmentID": "632-PP03", "MPTID": "MOH", "mes_datetime": "2016-05-27 05:57:13", "RPM": 0.0, "Overall": 0.04419759660959244, "LFValue": 0.11912095546205145, "CorrectMeas": 2, "CalcOAValue": 0.1345144912946739, "Parameter": {"PK-PK WAVEFORM": 2.8462259769439697, "CREST FACTOR": 2.4611575603485107, "SUBHARMONICS": 0.036709804087877274, "1xTS": 0.0021271833684295416, "2xTS": 0.011050642468035221, "3-8xTS": 0.007279934361577034, "9-25xTS": 0.006481153424829245, "25-75xTS": 0.019090142101049423, "2xLINE FREQ": 0.01041888166218996, "1K-20kHz": 0.5718773603439331}, "Timewaveform": {"DeltaTime": 8.012820762814954e-05, "LinesResolution": 1024, "RPM": 3600.0, "MeasUnits": 3, "Value": "PdM_21300-16526_20160527055713_TWF.bin"}, "Spectrum": {"FMax": 4250.0, "LinesResolution": 1600, "RPM": 3600.0, "WindowType": 1, "MeasType": 4, "MeterType": 13, "Value": "PdM_21300-16526_20160527055713_SPC.bin"}}