{"dbindex": "21300", "AreaKey": -4802, "EquipmentKey": -16523, "MptKey": -16526, "DCSID": -16528, "AreaID": "632", "EquipmentID": "632-PP03", "MPTID": "MOH", "mes_datetime": "2016-07-12 06:34:56", "RPM": 0.0, "Overall": 0.03437625989317894, "LFValue": 0.005386243725295853, "CorrectMeas": 1, "CalcOAValue": 0.048902276780625024, "Parameter": {"PK-PK WAVEFORM": 4.448537349700928, "CREST FACTOR": 2.762080192565918, "SUBHARMONICS": 0.002129974076524377, "1xTS": 0.001853983965702355, "2xTS": 0.008275275118649006, "3-8xTS": 0.01156019326299429, "9-25xTS": 0.011586199514567852, "25-75xTS": 0.0266104768961668, "2xLINE FREQ": 0.0060862391255795956, "1K-20kHz": 0.8081809878349304}, "Timewaveform": {"DeltaTime": 8.012820762814954e-05, "LinesResolution": 1024, "RPM": 3600.0, "MeasUnits": 3, "Value": "PdM_21300-16526_20160712063456_TWF.bin"}, "Spectrum": {"FMax": 4250.0, "LinesResolution": 1600, "RPM": 3600.0, "WindowType": 1, "MeasType": 4, "MeterType": 13, "Value": "PdM_21300-16526_20160712063456_SPC.bin"}}